global_id,source,source_card_no,type,term,pinyin,arabic,is_duplicate_term,duplicate_group,current_src,suggested_filename,visual_concept_ar,image_prompt_en,status
M6-FC-01,mock6.html,1,flashcard,宾馆,bīnguǎn,فندق,no,,inline SVG/card design,m6-fc-01-宾馆.webp,ردهة فندق دافئة، موظف استقبال يعطي بطاقة غرفة لمسافر يحمل حقيبة؛ صورة تربط الضيف بمبنى الضيوف.,"Square 1024x1024 high-quality educational flashcard illustration, warm cinematic stylized 3D CGI, soft lighting, clean composition, memorable mental-image scene, no text, no letters, no watermark. Target Chinese vocabulary: 宾馆 (bīnguǎn) meaning in Arabic: فندق. Visual concept: ردهة فندق دافئة، موظف استقبال يعطي بطاقة غرفة لمسافر يحمل حقيبة؛ صورة تربط الضيف بمبنى الضيوف.",pending_generation_or_review
M6-FC-02,mock6.html,2,flashcard,地铁,dìtiě,مترو الأنفاق,no,,inline SVG/card design,m6-fc-02-地铁.webp,محطة مترو حديثة تحت الأرض، قطار فضي يصل والركاب ينتظرون على الرصيف.,"Square 1024x1024 high-quality educational flashcard illustration, warm cinematic stylized 3D CGI, soft lighting, clean composition, memorable mental-image scene, no text, no letters, no watermark. Target Chinese vocabulary: 地铁 (dìtiě) meaning in Arabic: مترو الأنفاق. Visual concept: محطة مترو حديثة تحت الأرض، قطار فضي يصل والركاب ينتظرون على الرصيف.",pending_generation_or_review
M6-FC-03,mock6.html,3,flashcard,公园,gōngyuán,حديقة عامة,no,,inline SVG/card design,m6-fc-03-公园.webp,حديقة عامة مشرقة، أشجار وبحيرة ومقاعد وأناس يتنزهون؛ إحساس بالمكان العام.,"Square 1024x1024 high-quality educational flashcard illustration, warm cinematic stylized 3D CGI, soft lighting, clean composition, memorable mental-image scene, no text, no letters, no watermark. Target Chinese vocabulary: 公园 (gōngyuán) meaning in Arabic: حديقة عامة. Visual concept: حديقة عامة مشرقة، أشجار وبحيرة ومقاعد وأناس يتنزهون؛ إحساس بالمكان العام.",pending_generation_or_review
M6-FC-04,mock6.html,4,flashcard,办公室,bàngōngshì,مكتب (غرفة العمل),no,,inline SVG/card design,m6-fc-04-办公室.webp,مكتب عمل حديث، شخص ينجز مهامه على الحاسوب تحت ضوء مكتبي هادئ.,"Square 1024x1024 high-quality educational flashcard illustration, warm cinematic stylized 3D CGI, soft lighting, clean composition, memorable mental-image scene, no text, no letters, no watermark. Target Chinese vocabulary: 办公室 (bàngōngshì) meaning in Arabic: مكتب (غرفة العمل). Visual concept: مكتب عمل حديث، شخص ينجز مهامه على الحاسوب تحت ضوء مكتبي هادئ.",pending_generation_or_review
M6-FC-05,mock6.html,5,flashcard,饺子,jiǎozi,جياوزي (زلابية),no,,inline SVG/card design,m6-fc-05-饺子.webp,طبق جياوزي ساخن في سلة بخار، بخار واضح وطاولة صينية دافئة.,"Square 1024x1024 high-quality educational flashcard illustration, warm cinematic stylized 3D CGI, soft lighting, clean composition, memorable mental-image scene, no text, no letters, no watermark. Target Chinese vocabulary: 饺子 (jiǎozi) meaning in Arabic: جياوزي (زلابية). Visual concept: طبق جياوزي ساخن في سلة بخار، بخار واضح وطاولة صينية دافئة.",pending_generation_or_review
M6-FC-06,mock6.html,6,flashcard,汤,tāng,حساء / شوربة,no,,inline SVG/card design,m6-fc-06-汤.webp,وعاء شوربة لحم ساخنة مع بخار وخضار وملعقة خشبية.,"Square 1024x1024 high-quality educational flashcard illustration, warm cinematic stylized 3D CGI, soft lighting, clean composition, memorable mental-image scene, no text, no letters, no watermark. Target Chinese vocabulary: 汤 (tāng) meaning in Arabic: حساء / شوربة. Visual concept: وعاء شوربة لحم ساخنة مع بخار وخضار وملعقة خشبية.",pending_generation_or_review
M6-FC-07,mock6.html,7,flashcard,葡萄,pútao,عنب,yes,M6-FC-07 | M9-FC-04,inline SVG/card design,m6-fc-07-葡萄.webp,عنقود عنب بنفسجي نديّ بأوراق خضراء، لقطة قريبة قوية.,"Square 1024x1024 high-quality educational flashcard illustration, warm cinematic stylized 3D CGI, soft lighting, clean composition, memorable mental-image scene, no text, no letters, no watermark. Target Chinese vocabulary: 葡萄 (pútao) meaning in Arabic: عنب. Visual concept: عنقود عنب بنفسجي نديّ بأوراق خضراء، لقطة قريبة قوية.",pending_generation_or_review
M6-FC-08,mock6.html,8,flashcard,苦,kǔ,مرّ (للطعم) / صعب (للحياة),yes,M6-FC-08 | M6-WR-100 | M9-FC-45,inline SVG/card design,m6-fc-08-苦.webp,شاب يتذوق قهوة مرة ويعصر وجهه؛ ربط الطعم المر بالمعاناة.,"Square 1024x1024 high-quality educational flashcard illustration, warm cinematic stylized 3D CGI, soft lighting, clean composition, memorable mental-image scene, no text, no letters, no watermark. Target Chinese vocabulary: 苦 (kǔ) meaning in Arabic: مرّ (للطعم) / صعب (للحياة). Visual concept: شاب يتذوق قهوة مرة ويعصر وجهه؛ ربط الطعم المر بالمعاناة.",pending_generation_or_review
M6-FC-09,mock6.html,9,flashcard,糖/盐,táng/yán,سكّر / ملح,no,,inline SVG/card design,m6-fc-09-糖-盐.webp,مشهد مطبخ يخلط بين السكر والملح، برطمانان واضحان وشخص متفاجئ.,"Square 1024x1024 high-quality educational flashcard illustration, warm cinematic stylized 3D CGI, soft lighting, clean composition, memorable mental-image scene, no text, no letters, no watermark. Target Chinese vocabulary: 糖/盐 (táng/yán) meaning in Arabic: سكّر / ملح. Visual concept: مشهد مطبخ يخلط بين السكر والملح، برطمانان واضحان وشخص متفاجئ.",pending_generation_or_review
M6-FC-10,mock6.html,10,flashcard,冷静,lěngjìng,هادئ,no,,inline SVG/card design,m6-fc-10-冷静.webp,شخص هادئ في وسط موقف خطر رمزي، يتنفس ببطء بينما الجميع قلق.,"Square 1024x1024 high-quality educational flashcard illustration, warm cinematic stylized 3D CGI, soft lighting, clean composition, memorable mental-image scene, no text, no letters, no watermark. Target Chinese vocabulary: 冷静 (lěngjìng) meaning in Arabic: هادئ. Visual concept: شخص هادئ في وسط موقف خطر رمزي، يتنفس ببطء بينما الجميع قلق.",pending_generation_or_review
M6-FC-11,mock6.html,11,flashcard,吃惊,chījīng,يندهش,no,,inline SVG/card design,m6-fc-11-吃惊.webp,شخص يتلقى خبراً مفاجئاً على الهاتف وعلامات تعجب حوله.,"Square 1024x1024 high-quality educational flashcard illustration, warm cinematic stylized 3D CGI, soft lighting, clean composition, memorable mental-image scene, no text, no letters, no watermark. Target Chinese vocabulary: 吃惊 (chījīng) meaning in Arabic: يندهش. Visual concept: شخص يتلقى خبراً مفاجئاً على الهاتف وعلامات تعجب حوله.",pending_generation_or_review
M6-FC-12,mock6.html,12,flashcard,感动,gǎndòng,متأثّر عاطفياً,no,,inline SVG/card design,m6-fc-12-感动.webp,طفل يقدم بطاقة وورد لأمه المتأثرة؛ مشاعر تحرك القلب.,"Square 1024x1024 high-quality educational flashcard illustration, warm cinematic stylized 3D CGI, soft lighting, clean composition, memorable mental-image scene, no text, no letters, no watermark. Target Chinese vocabulary: 感动 (gǎndòng) meaning in Arabic: متأثّر عاطفياً. Visual concept: طفل يقدم بطاقة وورد لأمه المتأثرة؛ مشاعر تحرك القلب.",pending_generation_or_review
M6-FC-13,mock6.html,13,flashcard,坚持,jiānchí,يثابر,no,,inline SVG/card design,m6-fc-13-坚持.webp,متسلق يواصل صعود الجبل رغم التعب، علم صغير في القمة.,"Square 1024x1024 high-quality educational flashcard illustration, warm cinematic stylized 3D CGI, soft lighting, clean composition, memorable mental-image scene, no text, no letters, no watermark. Target Chinese vocabulary: 坚持 (jiānchí) meaning in Arabic: يثابر. Visual concept: متسلق يواصل صعود الجبل رغم التعب، علم صغير في القمة.",pending_generation_or_review
M6-FC-14,mock6.html,14,flashcard,勇敢,yǒnggǎn,شجاع,no,,inline SVG/card design,m6-fc-14-勇敢.webp,مسافر يعبر جسراً جبلياً عالياً بشجاعة وثقة.,"Square 1024x1024 high-quality educational flashcard illustration, warm cinematic stylized 3D CGI, soft lighting, clean composition, memorable mental-image scene, no text, no letters, no watermark. Target Chinese vocabulary: 勇敢 (yǒnggǎn) meaning in Arabic: شجاع. Visual concept: مسافر يعبر جسراً جبلياً عالياً بشجاعة وثقة.",pending_generation_or_review
M6-FC-15,mock6.html,15,flashcard,微信,Wēixìn,WeChat,no,,inline SVG/card design,m6-fc-15-微信.webp,هاتف يعرض فقاعات محادثة خضراء وأصدقاء يتواصلون بصوت ورسائل.,"Square 1024x1024 high-quality educational flashcard illustration, warm cinematic stylized 3D CGI, soft lighting, clean composition, memorable mental-image scene, no text, no letters, no watermark. Target Chinese vocabulary: 微信 (Wēixìn) meaning in Arabic: WeChat. Visual concept: هاتف يعرض فقاعات محادثة خضراء وأصدقاء يتواصلون بصوت ورسائل.",pending_generation_or_review
M6-FC-16,mock6.html,16,flashcard,互联网,hùliánwǎng,الإنترنت,yes,M6-FC-16 | M9-FC-16,inline SVG/card design,m6-fc-16-互联网.webp,كرة أرضية مضيئة تربط أجهزة متعددة حولها بخطوط شبكية.,"Square 1024x1024 high-quality educational flashcard illustration, warm cinematic stylized 3D CGI, soft lighting, clean composition, memorable mental-image scene, no text, no letters, no watermark. Target Chinese vocabulary: 互联网 (hùliánwǎng) meaning in Arabic: الإنترنت. Visual concept: كرة أرضية مضيئة تربط أجهزة متعددة حولها بخطوط شبكية.",pending_generation_or_review
M6-FC-17,mock6.html,17,flashcard,联系,liánxì,يتواصل,no,,inline SVG/card design,m6-fc-17-联系.webp,شخصان يتواصلان عبر هاتفين وقلب/خط مضيء يربط بينهما.,"Square 1024x1024 high-quality educational flashcard illustration, warm cinematic stylized 3D CGI, soft lighting, clean composition, memorable mental-image scene, no text, no letters, no watermark. Target Chinese vocabulary: 联系 (liánxì) meaning in Arabic: يتواصل. Visual concept: شخصان يتواصلان عبر هاتفين وقلب/خط مضيء يربط بينهما.",pending_generation_or_review
M6-FC-18,mock6.html,18,flashcard,推迟,tuīchí,يؤجّل,no,,inline SVG/card design,m6-fc-18-推迟.webp,تقويم وملاحظة حدث تُدفع بسهم إلى يوم لاحق؛ تأجيل واضح.,"Square 1024x1024 high-quality educational flashcard illustration, warm cinematic stylized 3D CGI, soft lighting, clean composition, memorable mental-image scene, no text, no letters, no watermark. Target Chinese vocabulary: 推迟 (tuīchí) meaning in Arabic: يؤجّل. Visual concept: تقويم وملاحظة حدث تُدفع بسهم إلى يوم لاحق؛ تأجيل واضح.",pending_generation_or_review
M6-FC-19,mock6.html,19,flashcard,行李,xíngli,حقائب السفر,no,,inline SVG/card design,m6-fc-19-行李.webp,حقيبة سفر مرتبة أمام باب أو في محطة، جاهزة للانطلاق.,"Square 1024x1024 high-quality educational flashcard illustration, warm cinematic stylized 3D CGI, soft lighting, clean composition, memorable mental-image scene, no text, no letters, no watermark. Target Chinese vocabulary: 行李 (xíngli) meaning in Arabic: حقائب السفر. Visual concept: حقيبة سفر مرتبة أمام باب أو في محطة، جاهزة للانطلاق.",pending_generation_or_review
M6-FC-20,mock6.html,20,flashcard,终于,zhōngyú,أخيراً,no,,inline SVG/card design,m6-fc-20-终于.webp,عائلة تستقبل مسافراً عند الباب بعد انتظار طويل؛ لحظة أخيراً.,"Square 1024x1024 high-quality educational flashcard illustration, warm cinematic stylized 3D CGI, soft lighting, clean composition, memorable mental-image scene, no text, no letters, no watermark. Target Chinese vocabulary: 终于 (zhōngyú) meaning in Arabic: أخيراً. Visual concept: عائلة تستقبل مسافراً عند الباب بعد انتظار طويل؛ لحظة أخيراً.",pending_generation_or_review
M6-FC-21,mock6.html,21,flashcard,商量,shāngliang,يتشاور,yes,M6-FC-21 | M6-WR-098,inline SVG/card design,m6-fc-21-商量.webp,أربعة أشخاص حول طاولة يناقشون خطة بأوراق وملاحظات ملونة.,"Square 1024x1024 high-quality educational flashcard illustration, warm cinematic stylized 3D CGI, soft lighting, clean composition, memorable mental-image scene, no text, no letters, no watermark. Target Chinese vocabulary: 商量 (shāngliang) meaning in Arabic: يتشاور. Visual concept: أربعة أشخاص حول طاولة يناقشون خطة بأوراق وملاحظات ملونة.",pending_generation_or_review
M6-FC-22,mock6.html,22,flashcard,健康,jiànkāng,صحة,no,,inline SVG/card design,m6-fc-22-健康.webp,اختيارات صحية: سلطة، فواكه، ماء، ميزان ورياضة في إضاءة صباحية.,"Square 1024x1024 high-quality educational flashcard illustration, warm cinematic stylized 3D CGI, soft lighting, clean composition, memorable mental-image scene, no text, no letters, no watermark. Target Chinese vocabulary: 健康 (jiànkāng) meaning in Arabic: صحة. Visual concept: اختيارات صحية: سلطة، فواكه، ماء، ميزان ورياضة في إضاءة صباحية.",pending_generation_or_review
M6-FC-23,mock6.html,23,flashcard,医院,yīyuàn,مستشفى,no,,inline SVG/card design,m6-fc-23-医院.webp,واجهة مستشفى نظيفة أو ممرضة في عيادة مضيئة؛ رمز الطب واضح.,"Square 1024x1024 high-quality educational flashcard illustration, warm cinematic stylized 3D CGI, soft lighting, clean composition, memorable mental-image scene, no text, no letters, no watermark. Target Chinese vocabulary: 医院 (yīyuàn) meaning in Arabic: مستشفى. Visual concept: واجهة مستشفى نظيفة أو ممرضة في عيادة مضيئة؛ رمز الطب واضح.",pending_generation_or_review
M6-FC-24,mock6.html,24,flashcard,面试,miànshì,مقابلة عمل,no,,inline SVG/card design,m6-fc-24-面试.webp,مقابلة عمل وجهاً لوجه، مرشح أمام مدير ومعه سيرة ذاتية.,"Square 1024x1024 high-quality educational flashcard illustration, warm cinematic stylized 3D CGI, soft lighting, clean composition, memorable mental-image scene, no text, no letters, no watermark. Target Chinese vocabulary: 面试 (miànshì) meaning in Arabic: مقابلة عمل. Visual concept: مقابلة عمل وجهاً لوجه، مرشح أمام مدير ومعه سيرة ذاتية.",pending_generation_or_review
M6-FC-25,mock6.html,25,flashcard,成功,chénggōng,نجاح,no,,inline SVG/card design,m6-fc-25-成功.webp,شخص يقف على قمة جبل/منصة مع كأس أو علم؛ نجاح بعد مجهود.,"Square 1024x1024 high-quality educational flashcard illustration, warm cinematic stylized 3D CGI, soft lighting, clean composition, memorable mental-image scene, no text, no letters, no watermark. Target Chinese vocabulary: 成功 (chénggōng) meaning in Arabic: نجاح. Visual concept: شخص يقف على قمة جبل/منصة مع كأس أو علم؛ نجاح بعد مجهود.",pending_generation_or_review
M6-FC-26,mock6.html,26,flashcard,留学,liúxué,الدراسة بالخارج,no,,inline SVG/card design,m6-fc-26-留学.webp,طالبة تحمل حقيبة أمام حرم جامعي دولي وأعلام متعددة.,"Square 1024x1024 high-quality educational flashcard illustration, warm cinematic stylized 3D CGI, soft lighting, clean composition, memorable mental-image scene, no text, no letters, no watermark. Target Chinese vocabulary: 留学 (liúxué) meaning in Arabic: الدراسة بالخارج. Visual concept: طالبة تحمل حقيبة أمام حرم جامعي دولي وأعلام متعددة.",pending_generation_or_review
M6-FC-27,mock6.html,27,flashcard,签证,qiānzhèng,تأشيرة,no,,inline SVG/card design,m6-fc-27-签证.webp,جواز سفر مع ختم تأشيرة وموظف يراجع الأوراق.,"Square 1024x1024 high-quality educational flashcard illustration, warm cinematic stylized 3D CGI, soft lighting, clean composition, memorable mental-image scene, no text, no letters, no watermark. Target Chinese vocabulary: 签证 (qiānzhèng) meaning in Arabic: تأشيرة. Visual concept: جواز سفر مع ختم تأشيرة وموظف يراجع الأوراق.",pending_generation_or_review
M6-FC-28,mock6.html,28,flashcard,堵车,dǔchē,زحام مروري,no,,inline SVG/card design,m6-fc-28-堵车.webp,طابور سيارات طويل وقت الغروب وشخص منزعج داخل السيارة.,"Square 1024x1024 high-quality educational flashcard illustration, warm cinematic stylized 3D CGI, soft lighting, clean composition, memorable mental-image scene, no text, no letters, no watermark. Target Chinese vocabulary: 堵车 (dǔchē) meaning in Arabic: زحام مروري. Visual concept: طابور سيارات طويل وقت الغروب وشخص منزعج داخل السيارة.",pending_generation_or_review
M6-FC-29,mock6.html,29,flashcard,毕业,bìyè,يتخرّج,yes,M6-FC-29 | M9-FC-51,inline SVG/card design,m6-fc-29-毕业.webp,طالب بزي تخرج يحمل شهادة في مكتبة جامعية دافئة.,"Square 1024x1024 high-quality educational flashcard illustration, warm cinematic stylized 3D CGI, soft lighting, clean composition, memorable mental-image scene, no text, no letters, no watermark. Target Chinese vocabulary: 毕业 (bìyè) meaning in Arabic: يتخرّج. Visual concept: طالب بزي تخرج يحمل شهادة في مكتبة جامعية دافئة.",pending_generation_or_review
M6-FC-30,mock6.html,30,flashcard,知识,zhīshi,معرفة,no,,inline SVG/card design,m6-fc-30-知识.webp,كتاب مفتوح ومصباح فكرة يضيء فوقه؛ معرفة عميقة.,"Square 1024x1024 high-quality educational flashcard illustration, warm cinematic stylized 3D CGI, soft lighting, clean composition, memorable mental-image scene, no text, no letters, no watermark. Target Chinese vocabulary: 知识 (zhīshi) meaning in Arabic: معرفة. Visual concept: كتاب مفتوح ومصباح فكرة يضيء فوقه؛ معرفة عميقة.",pending_generation_or_review
M6-FC-31,mock6.html,31,flashcard,考试,kǎoshì,امتحان,no,,inline SVG/card design,m6-fc-31-考试.webp,طالب قلق أمام ورقة اختبار وساعة، تركيز واضح.,"Square 1024x1024 high-quality educational flashcard illustration, warm cinematic stylized 3D CGI, soft lighting, clean composition, memorable mental-image scene, no text, no letters, no watermark. Target Chinese vocabulary: 考试 (kǎoshì) meaning in Arabic: امتحان. Visual concept: طالب قلق أمام ورقة اختبار وساعة، تركيز واضح.",pending_generation_or_review
M6-FC-32,mock6.html,32,flashcard,了解,liǎojiě,يفهم بعمق,no,,inline SVG/card design,m6-fc-32-了解.webp,مصباح يضيء فوق خريطة/كتاب بينما الطالب يفهم الفكرة.,"Square 1024x1024 high-quality educational flashcard illustration, warm cinematic stylized 3D CGI, soft lighting, clean composition, memorable mental-image scene, no text, no letters, no watermark. Target Chinese vocabulary: 了解 (liǎojiě) meaning in Arabic: يفهم بعمق. Visual concept: مصباح يضيء فوق خريطة/كتاب بينما الطالب يفهم الفكرة.",pending_generation_or_review
M6-FC-33,mock6.html,33,flashcard,礼物,lǐwù,هدية,no,,inline SVG/card design,m6-fc-33-礼物.webp,هدية حمراء بشريط ذهبي يقدمها شخص لشخص سعيد.,"Square 1024x1024 high-quality educational flashcard illustration, warm cinematic stylized 3D CGI, soft lighting, clean composition, memorable mental-image scene, no text, no letters, no watermark. Target Chinese vocabulary: 礼物 (lǐwù) meaning in Arabic: هدية. Visual concept: هدية حمراء بشريط ذهبي يقدمها شخص لشخص سعيد.",pending_generation_or_review
M6-FC-34,mock6.html,34,flashcard,家人,jiārén,أفراد العائلة,no,,inline SVG/card design,m6-fc-34-家人.webp,عائلة تعانق المسافر عند الباب؛ دفء البيت وأهل البيت.,"Square 1024x1024 high-quality educational flashcard illustration, warm cinematic stylized 3D CGI, soft lighting, clean composition, memorable mental-image scene, no text, no letters, no watermark. Target Chinese vocabulary: 家人 (jiārén) meaning in Arabic: أفراد العائلة. Visual concept: عائلة تعانق المسافر عند الباب؛ دفء البيت وأهل البيت.",pending_generation_or_review
M6-FC-35,mock6.html,35,flashcard,鼓励,gǔlì,يشجّع,no,,inline SVG/card design,m6-fc-35-鼓励.webp,أم تشجع طفلها قبل امتحان أو منافسة، إشارة دعم وابتسامة.,"Square 1024x1024 high-quality educational flashcard illustration, warm cinematic stylized 3D CGI, soft lighting, clean composition, memorable mental-image scene, no text, no letters, no watermark. Target Chinese vocabulary: 鼓励 (gǔlì) meaning in Arabic: يشجّع. Visual concept: أم تشجع طفلها قبل امتحان أو منافسة، إشارة دعم وابتسامة.",pending_generation_or_review
M6-FC-36,mock6.html,36,flashcard,尊重,zūnzhòng,يحترم,no,,inline SVG/card design,m6-fc-36-尊重.webp,شخصان ينحنيان باحترام أو يصافحان بلطف في مشهد رسمي.,"Square 1024x1024 high-quality educational flashcard illustration, warm cinematic stylized 3D CGI, soft lighting, clean composition, memorable mental-image scene, no text, no letters, no watermark. Target Chinese vocabulary: 尊重 (zūnzhòng) meaning in Arabic: يحترم. Visual concept: شخصان ينحنيان باحترام أو يصافحان بلطف في مشهد رسمي.",pending_generation_or_review
M6-FC-37,mock6.html,37,flashcard,已经,yǐjīng,بالفعل / من قبل,no,,inline SVG/card design,m6-fc-37-已经.webp,تقويم وعلامة إنجاز كبيرة على مهمة تمت بالفعل.,"Square 1024x1024 high-quality educational flashcard illustration, warm cinematic stylized 3D CGI, soft lighting, clean composition, memorable mental-image scene, no text, no letters, no watermark. Target Chinese vocabulary: 已经 (yǐjīng) meaning in Arabic: بالفعل / من قبل. Visual concept: تقويم وعلامة إنجاز كبيرة على مهمة تمت بالفعل.",pending_generation_or_review
M6-FC-38,mock6.html,38,flashcard,本来,běnlái,أصلاً / في الأصل,no,,inline SVG/card design,m6-fc-38-本来.webp,خطة أصلية على ورقة ثم سهم يوضح التغيير عن الأصل.,"Square 1024x1024 high-quality educational flashcard illustration, warm cinematic stylized 3D CGI, soft lighting, clean composition, memorable mental-image scene, no text, no letters, no watermark. Target Chinese vocabulary: 本来 (běnlái) meaning in Arabic: أصلاً / في الأصل. Visual concept: خطة أصلية على ورقة ثم سهم يوضح التغيير عن الأصل.",pending_generation_or_review
M6-FC-39,mock6.html,39,flashcard,护士,hùshi,ممرضة,yes,M6-FC-39 | M9-FC-07,inline SVG/card design,m6-fc-39-护士.webp,ممرضة تحمل ملفاً في عيادة نظيفة بابتسامة مطمئنة.,"Square 1024x1024 high-quality educational flashcard illustration, warm cinematic stylized 3D CGI, soft lighting, clean composition, memorable mental-image scene, no text, no letters, no watermark. Target Chinese vocabulary: 护士 (hùshi) meaning in Arabic: ممرضة. Visual concept: ممرضة تحمل ملفاً في عيادة نظيفة بابتسامة مطمئنة.",pending_generation_or_review
M6-FC-40,mock6.html,40,flashcard,水果,shuǐguǒ,فاكهة,no,,inline SVG/card design,m6-fc-40-水果.webp,طبق فواكه طازجة مليئة بالماء واللون: تفاح وعنب وبرتقال.,"Square 1024x1024 high-quality educational flashcard illustration, warm cinematic stylized 3D CGI, soft lighting, clean composition, memorable mental-image scene, no text, no letters, no watermark. Target Chinese vocabulary: 水果 (shuǐguǒ) meaning in Arabic: فاكهة. Visual concept: طبق فواكه طازجة مليئة بالماء واللون: تفاح وعنب وبرتقال.",pending_generation_or_review
M6-FC-41,mock6.html,41,flashcard,一直,yīzhí,دائماً / باستمرار,no,,inline SVG/card design,m6-fc-41-一直.webp,طريق مستقيم طويل يمتد للأفق مع سهم استمرار بلا توقف.,"Square 1024x1024 high-quality educational flashcard illustration, warm cinematic stylized 3D CGI, soft lighting, clean composition, memorable mental-image scene, no text, no letters, no watermark. Target Chinese vocabulary: 一直 (yīzhí) meaning in Arabic: دائماً / باستمرار. Visual concept: طريق مستقيم طويل يمتد للأفق مع سهم استمرار بلا توقف.",pending_generation_or_review
M6-FC-42,mock6.html,42,flashcard,流行,liúxíng,شائع / دارج,no,,inline SVG/card design,m6-fc-42-流行.webp,شيء ينتشر بين الناس كضوء ينتقل من هاتف إلى آخر؛ رائج.,"Square 1024x1024 high-quality educational flashcard illustration, warm cinematic stylized 3D CGI, soft lighting, clean composition, memorable mental-image scene, no text, no letters, no watermark. Target Chinese vocabulary: 流行 (liúxíng) meaning in Arabic: شائع / دارج. Visual concept: شيء ينتشر بين الناس كضوء ينتقل من هاتف إلى آخر؛ رائج.",pending_generation_or_review
M6-FC-43,mock6.html,43,flashcard,浪费,làngfèi,يهدر / إسراف,no,,inline SVG/card design,m6-fc-43-浪费.webp,مال/ماء يتسرب بلا فائدة من دلو أو صنبور؛ إسراف واضح.,"Square 1024x1024 high-quality educational flashcard illustration, warm cinematic stylized 3D CGI, soft lighting, clean composition, memorable mental-image scene, no text, no letters, no watermark. Target Chinese vocabulary: 浪费 (làngfèi) meaning in Arabic: يهدر / إسراف. Visual concept: مال/ماء يتسرب بلا فائدة من دلو أو صنبور؛ إسراف واضح.",pending_generation_or_review
M6-FC-44,mock6.html,44,flashcard,性格,xìnggé,شخصية / طبع,no,,inline SVG/card design,m6-fc-44-性格.webp,أقنعة/شخصيات مختلفة حول شخص واحد؛ اختلاف الطباع.,"Square 1024x1024 high-quality educational flashcard illustration, warm cinematic stylized 3D CGI, soft lighting, clean composition, memorable mental-image scene, no text, no letters, no watermark. Target Chinese vocabulary: 性格 (xìnggé) meaning in Arabic: شخصية / طبع. Visual concept: أقنعة/شخصيات مختلفة حول شخص واحد؛ اختلاف الطباع.",pending_generation_or_review
M6-FC-45,mock6.html,45,flashcard,减肥,jiǎnféi,إنقاص الوزن,yes,M6-FC-45 | M9-FC-12,inline SVG/card design,m6-fc-45-减肥.webp,اختيار بين كعكة وسلطة مع ميزان وشريط قياس؛ إنقاص وزن.,"Square 1024x1024 high-quality educational flashcard illustration, warm cinematic stylized 3D CGI, soft lighting, clean composition, memorable mental-image scene, no text, no letters, no watermark. Target Chinese vocabulary: 减肥 (jiǎnféi) meaning in Arabic: إنقاص الوزن. Visual concept: اختيار بين كعكة وسلطة مع ميزان وشريط قياس؛ إنقاص وزن.",pending_generation_or_review
M6-FC-46,mock6.html,46,flashcard,节约,jiéyuē,يوفّر / اقتصادي,no,,inline SVG/card design,m6-fc-46-节约.webp,حصالة ووقت محفوظ وسلة شراء ذكية؛ توفير المال والوقت.,"Square 1024x1024 high-quality educational flashcard illustration, warm cinematic stylized 3D CGI, soft lighting, clean composition, memorable mental-image scene, no text, no letters, no watermark. Target Chinese vocabulary: 节约 (jiéyuē) meaning in Arabic: يوفّر / اقتصادي. Visual concept: حصالة ووقت محفوظ وسلة شراء ذكية؛ توفير المال والوقت.",pending_generation_or_review
M6-FC-47,mock6.html,47,flashcard,环境污染,huánjìng wūrǎn,تلوث البيئة,no,,inline SVG/card design,m6-fc-47-环境污染.webp,نهر ملوث قرب مصانع ودخان مقابل شجرة حزينة؛ تلوث بيئي.,"Square 1024x1024 high-quality educational flashcard illustration, warm cinematic stylized 3D CGI, soft lighting, clean composition, memorable mental-image scene, no text, no letters, no watermark. Target Chinese vocabulary: 环境污染 (huánjìng wūrǎn) meaning in Arabic: تلوث البيئة. Visual concept: نهر ملوث قرب مصانع ودخان مقابل شجرة حزينة؛ تلوث بيئي.",pending_generation_or_review
M6-FC-48,mock6.html,48,flashcard,经济,jīngjì,اقتصاد,no,,inline SVG/card design,m6-fc-48-经济.webp,رسم بياني اقتصادي وعملات ومدينة أعمال؛ الاقتصاد العالمي.,"Square 1024x1024 high-quality educational flashcard illustration, warm cinematic stylized 3D CGI, soft lighting, clean composition, memorable mental-image scene, no text, no letters, no watermark. Target Chinese vocabulary: 经济 (jīngjì) meaning in Arabic: اقتصاد. Visual concept: رسم بياني اقتصادي وعملات ومدينة أعمال؛ الاقتصاد العالمي.",pending_generation_or_review
M6-FC-49,mock6.html,49,flashcard,信心,xìnxīn,ثقة بالنفس,no,,inline SVG/card design,m6-fc-49-信心.webp,شخص يضع يده على قلبه أمام مرآة بثقة وضوء داخلي.,"Square 1024x1024 high-quality educational flashcard illustration, warm cinematic stylized 3D CGI, soft lighting, clean composition, memorable mental-image scene, no text, no letters, no watermark. Target Chinese vocabulary: 信心 (xìnxīn) meaning in Arabic: ثقة بالنفس. Visual concept: شخص يضع يده على قلبه أمام مرآة بثقة وضوء داخلي.",pending_generation_or_review
M6-FC-50,mock6.html,50,flashcard,应聘者,yìngpìnzhě,المتقدّم للوظيفة,no,,inline SVG/card design,m6-fc-50-应聘者.webp,متقدم وظيفة يحمل سيرة ذاتية أمام مكتب مقابلة.,"Square 1024x1024 high-quality educational flashcard illustration, warm cinematic stylized 3D CGI, soft lighting, clean composition, memorable mental-image scene, no text, no letters, no watermark. Target Chinese vocabulary: 应聘者 (yìngpìnzhě) meaning in Arabic: المتقدّم للوظيفة. Visual concept: متقدم وظيفة يحمل سيرة ذاتية أمام مكتب مقابلة.",pending_generation_or_review
M6-FC-51,mock6.html,51,flashcard,法律,fǎlǜ,قانون,no,,inline SVG/card design,m6-fc-51-法律.webp,ميزان عدالة وكتاب قانون ودرع حماية للأطفال.,"Square 1024x1024 high-quality educational flashcard illustration, warm cinematic stylized 3D CGI, soft lighting, clean composition, memorable mental-image scene, no text, no letters, no watermark. Target Chinese vocabulary: 法律 (fǎlǜ) meaning in Arabic: قانون. Visual concept: ميزان عدالة وكتاب قانون ودرع حماية للأطفال.",pending_generation_or_review
M6-FC-52,mock6.html,52,flashcard,危险,wēixiǎn,خطر / خطير,no,,inline SVG/card design,m6-fc-52-危险.webp,علامة خطر حمراء وموقف طارئ مع شخص يبقى هادئاً.,"Square 1024x1024 high-quality educational flashcard illustration, warm cinematic stylized 3D CGI, soft lighting, clean composition, memorable mental-image scene, no text, no letters, no watermark. Target Chinese vocabulary: 危险 (wēixiǎn) meaning in Arabic: خطر / خطير. Visual concept: علامة خطر حمراء وموقف طارئ مع شخص يبقى هادئاً.",pending_generation_or_review
M6-FC-53,mock6.html,53,flashcard,批评,pīpíng,ينتقد / يوبّخ,no,,inline SVG/card design,m6-fc-53-批评.webp,شخص يتلقى ملاحظة قاسية وورقة عليها علامة حمراء؛ نقد/توبيخ.,"Square 1024x1024 high-quality educational flashcard illustration, warm cinematic stylized 3D CGI, soft lighting, clean composition, memorable mental-image scene, no text, no letters, no watermark. Target Chinese vocabulary: 批评 (pīpíng) meaning in Arabic: ينتقد / يوبّخ. Visual concept: شخص يتلقى ملاحظة قاسية وورقة عليها علامة حمراء؛ نقد/توبيخ.",pending_generation_or_review
M6-FC-54,mock6.html,54,flashcard,压力,yālì,ضغط (نفسي),yes,M6-FC-54 | M9-FC-25,inline SVG/card design,m6-fc-54-压力.webp,طالب تحت صخرة رمزية فوق رأسه بين أوراق كثيرة؛ ضغط نفسي.,"Square 1024x1024 high-quality educational flashcard illustration, warm cinematic stylized 3D CGI, soft lighting, clean composition, memorable mental-image scene, no text, no letters, no watermark. Target Chinese vocabulary: 压力 (yālì) meaning in Arabic: ضغط (نفسي). Visual concept: طالب تحت صخرة رمزية فوق رأسه بين أوراق كثيرة؛ ضغط نفسي.",pending_generation_or_review
M6-WR-096,mock6.html,96,writing_image,座位,,مقعد,no,,https://public.hskmock.cn/hsk-examination/hsk4/32884d140ae8da50/73960ee7-8bce-45a6-87ab-7eb8c4ebab2e.jpg,m6-wr-096-座位.webp,مقاعد قطار فارغة واضحة، سهم يحدد المقعد المتاح.,"Square 1024x1024 high-quality educational flashcard illustration, warm cinematic stylized 3D CGI, soft lighting, clean composition, memorable mental-image scene, no text, no letters, no watermark. Target Chinese vocabulary: 座位 () meaning in Arabic: مقعد. Visual concept: مقاعد قطار فارغة واضحة، سهم يحدد المقعد المتاح.",pending_generation_or_review
M6-WR-097,mock6.html,97,writing_image,印象,,انطباع,no,,https://public.hskmock.cn/hsk-examination/hsk4/32884d140ae8da50/2f26586e-d50a-4f23-892f-2ce3842b0b6d.jpg,m6-wr-097-印象.webp,لقاء أول يترك بصمة مضيئة في الذهن؛ انطباع أول.,"Square 1024x1024 high-quality educational flashcard illustration, warm cinematic stylized 3D CGI, soft lighting, clean composition, memorable mental-image scene, no text, no letters, no watermark. Target Chinese vocabulary: 印象 () meaning in Arabic: انطباع. Visual concept: لقاء أول يترك بصمة مضيئة في الذهن؛ انطباع أول.",pending_generation_or_review
M6-WR-098,mock6.html,98,writing_image,商量,,يتشاور / يناقش,yes,M6-FC-21 | M6-WR-098,https://public.hskmock.cn/hsk-examination/hsk4/32884d140ae8da50/eb83e20c-3d16-4a9c-bc29-87891b0f223b.jpg,m6-wr-098-商量.webp,أربعة أشخاص حول طاولة يناقشون خطة بأوراق وملاحظات ملونة.,"Square 1024x1024 high-quality educational flashcard illustration, warm cinematic stylized 3D CGI, soft lighting, clean composition, memorable mental-image scene, no text, no letters, no watermark. Target Chinese vocabulary: 商量 () meaning in Arabic: يتشاور / يناقش. Visual concept: أربعة أشخاص حول طاولة يناقشون خطة بأوراق وملاحظات ملونة.",pending_generation_or_review
M6-WR-099,mock6.html,99,writing_image,挂,,يُعلّق,no,,https://public.hskmock.cn/hsk-examination/hsk4/32884d140ae8da50/9bffad10-3da5-4191-b9c3-f1de1138a584.jpg,m6-wr-099-挂.webp,شخص يعلّق لوحة على الحائط بخطاف واضح.,"Square 1024x1024 high-quality educational flashcard illustration, warm cinematic stylized 3D CGI, soft lighting, clean composition, memorable mental-image scene, no text, no letters, no watermark. Target Chinese vocabulary: 挂 () meaning in Arabic: يُعلّق. Visual concept: شخص يعلّق لوحة على الحائط بخطاف واضح.",pending_generation_or_review
M6-WR-100,mock6.html,100,writing_image,苦,,مرّ,yes,M6-FC-08 | M6-WR-100 | M9-FC-45,https://public.hskmock.cn/hsk-examination/hsk4/32884d140ae8da50/4addb702-fd47-479d-b2e6-dc8514e07874.jpg,m6-wr-100-苦.webp,شاب يتذوق قهوة مرة ويعصر وجهه؛ ربط الطعم المر بالمعاناة.,"Square 1024x1024 high-quality educational flashcard illustration, warm cinematic stylized 3D CGI, soft lighting, clean composition, memorable mental-image scene, no text, no letters, no watermark. Target Chinese vocabulary: 苦 () meaning in Arabic: مرّ. Visual concept: شاب يتذوق قهوة مرة ويعصر وجهه؛ ربط الطعم المر بالمعاناة.",pending_generation_or_review
M9-FC-01,mock9.html,1,flashcard,打针,dǎzhēn,حقنة,no,,JS flashcard color card / no real image,m9-fc-01-打针.webp,ممرضة تعطي حقنة بهدوء في عيادة آمنة.,"Square 1024x1024 high-quality educational flashcard illustration, warm cinematic stylized 3D CGI, soft lighting, clean composition, memorable mental-image scene, no text, no letters, no watermark. Target Chinese vocabulary: 打针 (dǎzhēn) meaning in Arabic: حقنة. Visual concept: ممرضة تعطي حقنة بهدوء في عيادة آمنة.",pending_generation_or_review
M9-FC-02,mock9.html,2,flashcard,演出,yǎnchū,عرض,no,,JS flashcard color card / no real image,m9-fc-02-演出.webp,خشبة مسرح بإضاءة دافئة ومؤدون أمام جمهور.,"Square 1024x1024 high-quality educational flashcard illustration, warm cinematic stylized 3D CGI, soft lighting, clean composition, memorable mental-image scene, no text, no letters, no watermark. Target Chinese vocabulary: 演出 (yǎnchū) meaning in Arabic: عرض. Visual concept: خشبة مسرح بإضاءة دافئة ومؤدون أمام جمهور.",pending_generation_or_review
M9-FC-03,mock9.html,3,flashcard,行李箱,xínglǐxiāng,حقيبة سفر,no,,JS flashcard color card / no real image,m9-fc-03-行李箱.webp,حقيبة سفر بعجلات في مطار أو محطة.,"Square 1024x1024 high-quality educational flashcard illustration, warm cinematic stylized 3D CGI, soft lighting, clean composition, memorable mental-image scene, no text, no letters, no watermark. Target Chinese vocabulary: 行李箱 (xínglǐxiāng) meaning in Arabic: حقيبة سفر. Visual concept: حقيبة سفر بعجلات في مطار أو محطة.",pending_generation_or_review
M9-FC-04,mock9.html,4,flashcard,葡萄,pútáo,عنب,yes,M6-FC-07 | M9-FC-04,JS flashcard color card / no real image,m9-fc-04-葡萄.webp,عنقود عنب بنفسجي نديّ بأوراق خضراء، لقطة قريبة قوية.,"Square 1024x1024 high-quality educational flashcard illustration, warm cinematic stylized 3D CGI, soft lighting, clean composition, memorable mental-image scene, no text, no letters, no watermark. Target Chinese vocabulary: 葡萄 (pútáo) meaning in Arabic: عنب. Visual concept: عنقود عنب بنفسجي نديّ بأوراق خضراء، لقطة قريبة قوية.",pending_generation_or_review
M9-FC-05,mock9.html,5,flashcard,沙发,shāfā,أريكة,no,,JS flashcard color card / no real image,m9-fc-05-沙发.webp,أريكة مريحة في غرفة معيشة دافئة.,"Square 1024x1024 high-quality educational flashcard illustration, warm cinematic stylized 3D CGI, soft lighting, clean composition, memorable mental-image scene, no text, no letters, no watermark. Target Chinese vocabulary: 沙发 (shāfā) meaning in Arabic: أريكة. Visual concept: أريكة مريحة في غرفة معيشة دافئة.",pending_generation_or_review
M9-FC-06,mock9.html,6,flashcard,镜子,jìngzi,مرآة,no,,JS flashcard color card / no real image,m9-fc-06-镜子.webp,مرآة مستديرة تعكس غرفة مضيئة.,"Square 1024x1024 high-quality educational flashcard illustration, warm cinematic stylized 3D CGI, soft lighting, clean composition, memorable mental-image scene, no text, no letters, no watermark. Target Chinese vocabulary: 镜子 (jìngzi) meaning in Arabic: مرآة. Visual concept: مرآة مستديرة تعكس غرفة مضيئة.",pending_generation_or_review
M9-FC-07,mock9.html,7,flashcard,护士,hùshi,ممرضة,yes,M6-FC-39 | M9-FC-07,JS flashcard color card / no real image,m9-fc-07-护士.webp,ممرضة تحمل ملفاً في عيادة نظيفة بابتسامة مطمئنة.,"Square 1024x1024 high-quality educational flashcard illustration, warm cinematic stylized 3D CGI, soft lighting, clean composition, memorable mental-image scene, no text, no letters, no watermark. Target Chinese vocabulary: 护士 (hùshi) meaning in Arabic: ممرضة. Visual concept: ممرضة تحمل ملفاً في عيادة نظيفة بابتسامة مطمئنة.",pending_generation_or_review
M9-FC-08,mock9.html,8,flashcard,包子,bāozi,باوزي,no,,JS flashcard color card / no real image,m9-fc-08-包子.webp,باوزي ساخن في سلة بخار من الخيزران.,"Square 1024x1024 high-quality educational flashcard illustration, warm cinematic stylized 3D CGI, soft lighting, clean composition, memorable mental-image scene, no text, no letters, no watermark. Target Chinese vocabulary: 包子 (bāozi) meaning in Arabic: باوزي. Visual concept: باوزي ساخن في سلة بخار من الخيزران.",pending_generation_or_review
M9-FC-09,mock9.html,9,flashcard,购物车,gòuwùchē,عربة تسوق,no,,JS flashcard color card / no real image,m9-fc-09-购物车.webp,عربة تسوق ممتلئة في ممر سوبرماركت.,"Square 1024x1024 high-quality educational flashcard illustration, warm cinematic stylized 3D CGI, soft lighting, clean composition, memorable mental-image scene, no text, no letters, no watermark. Target Chinese vocabulary: 购物车 (gòuwùchē) meaning in Arabic: عربة تسوق. Visual concept: عربة تسوق ممتلئة في ممر سوبرماركت.",pending_generation_or_review
M9-FC-10,mock9.html,10,flashcard,飞机,fēijī,طائرة,no,,JS flashcard color card / no real image,m9-fc-10-飞机.webp,طائرة تحلق في سماء زرقاء فوق الغيوم.,"Square 1024x1024 high-quality educational flashcard illustration, warm cinematic stylized 3D CGI, soft lighting, clean composition, memorable mental-image scene, no text, no letters, no watermark. Target Chinese vocabulary: 飞机 (fēijī) meaning in Arabic: طائرة. Visual concept: طائرة تحلق في سماء زرقاء فوق الغيوم.",pending_generation_or_review
M9-FC-11,mock9.html,11,flashcard,翻译,fānyì,يترجم,no,,JS flashcard color card / no real image,m9-fc-11-翻译.webp,مترجمة بين شخصين وفقاعات لغة مختلفة.,"Square 1024x1024 high-quality educational flashcard illustration, warm cinematic stylized 3D CGI, soft lighting, clean composition, memorable mental-image scene, no text, no letters, no watermark. Target Chinese vocabulary: 翻译 (fānyì) meaning in Arabic: يترجم. Visual concept: مترجمة بين شخصين وفقاعات لغة مختلفة.",pending_generation_or_review
M9-FC-12,mock9.html,12,flashcard,减肥,jiǎnféi,حمية,yes,M6-FC-45 | M9-FC-12,JS flashcard color card / no real image,m9-fc-12-减肥.webp,اختيار بين كعكة وسلطة مع ميزان وشريط قياس؛ إنقاص وزن.,"Square 1024x1024 high-quality educational flashcard illustration, warm cinematic stylized 3D CGI, soft lighting, clean composition, memorable mental-image scene, no text, no letters, no watermark. Target Chinese vocabulary: 减肥 (jiǎnféi) meaning in Arabic: حمية. Visual concept: اختيار بين كعكة وسلطة مع ميزان وشريط قياس؛ إنقاص وزن.",pending_generation_or_review
M9-FC-13,mock9.html,13,flashcard,调查,diàochá,تحقيق,no,,JS flashcard color card / no real image,m9-fc-13-调查.webp,محقق ينظر بعدسة مكبرة إلى أدلة وخريطة.,"Square 1024x1024 high-quality educational flashcard illustration, warm cinematic stylized 3D CGI, soft lighting, clean composition, memorable mental-image scene, no text, no letters, no watermark. Target Chinese vocabulary: 调查 (diàochá) meaning in Arabic: تحقيق. Visual concept: محقق ينظر بعدسة مكبرة إلى أدلة وخريطة.",pending_generation_or_review
M9-FC-14,mock9.html,14,flashcard,窗户,chuānghu,نافذة,no,,JS flashcard color card / no real image,m9-fc-14-窗户.webp,نافذة مفتوحة على منظر مشمس وستائر تتحرك.,"Square 1024x1024 high-quality educational flashcard illustration, warm cinematic stylized 3D CGI, soft lighting, clean composition, memorable mental-image scene, no text, no letters, no watermark. Target Chinese vocabulary: 窗户 (chuānghu) meaning in Arabic: نافذة. Visual concept: نافذة مفتوحة على منظر مشمس وستائر تتحرك.",pending_generation_or_review
M9-FC-15,mock9.html,15,flashcard,奖学金,jiǎngxuéjīn,منحة,no,,JS flashcard color card / no real image,m9-fc-15-奖学金.webp,طالب يستلم ظرف منحة وشهادة أمام الجامعة.,"Square 1024x1024 high-quality educational flashcard illustration, warm cinematic stylized 3D CGI, soft lighting, clean composition, memorable mental-image scene, no text, no letters, no watermark. Target Chinese vocabulary: 奖学金 (jiǎngxuéjīn) meaning in Arabic: منحة. Visual concept: طالب يستلم ظرف منحة وشهادة أمام الجامعة.",pending_generation_or_review
M9-FC-16,mock9.html,16,flashcard,互联网,hùliánwǎng,إنترنت,yes,M6-FC-16 | M9-FC-16,JS flashcard color card / no real image,m9-fc-16-互联网.webp,كرة أرضية مضيئة تربط أجهزة متعددة حولها بخطوط شبكية.,"Square 1024x1024 high-quality educational flashcard illustration, warm cinematic stylized 3D CGI, soft lighting, clean composition, memorable mental-image scene, no text, no letters, no watermark. Target Chinese vocabulary: 互联网 (hùliánwǎng) meaning in Arabic: إنترنت. Visual concept: كرة أرضية مضيئة تربط أجهزة متعددة حولها بخطوط شبكية.",pending_generation_or_review
M9-FC-17,mock9.html,17,flashcard,博士,bóshì,دكتوراه,no,,JS flashcard color card / no real image,m9-fc-17-博士.webp,خريج دكتوراه بقبعة أكاديمية في مكتبة.,"Square 1024x1024 high-quality educational flashcard illustration, warm cinematic stylized 3D CGI, soft lighting, clean composition, memorable mental-image scene, no text, no letters, no watermark. Target Chinese vocabulary: 博士 (bóshì) meaning in Arabic: دكتوراه. Visual concept: خريج دكتوراه بقبعة أكاديمية في مكتبة.",pending_generation_or_review
M9-FC-18,mock9.html,18,flashcard,感冒,gǎnmào,زكام,no,,JS flashcard color card / no real image,m9-fc-18-感冒.webp,شخص مصاب بزكام على أريكة مع مناديل ومشروب دافئ.,"Square 1024x1024 high-quality educational flashcard illustration, warm cinematic stylized 3D CGI, soft lighting, clean composition, memorable mental-image scene, no text, no letters, no watermark. Target Chinese vocabulary: 感冒 (gǎnmào) meaning in Arabic: زكام. Visual concept: شخص مصاب بزكام على أريكة مع مناديل ومشروب دافئ.",pending_generation_or_review
M9-FC-19,mock9.html,19,flashcard,排队,páiduì,يصطف,no,,JS flashcard color card / no real image,m9-fc-19-排队.webp,أشخاص مصطفون بانتظام أمام شباك خدمة.,"Square 1024x1024 high-quality educational flashcard illustration, warm cinematic stylized 3D CGI, soft lighting, clean composition, memorable mental-image scene, no text, no letters, no watermark. Target Chinese vocabulary: 排队 (páiduì) meaning in Arabic: يصطف. Visual concept: أشخاص مصطفون بانتظام أمام شباك خدمة.",pending_generation_or_review
M9-FC-20,mock9.html,20,flashcard,污染,wūrǎn,تلوث,no,,JS flashcard color card / no real image,m9-fc-20-污染.webp,نهر ملوث ومصانع ودخان؛ تلوث واضح.,"Square 1024x1024 high-quality educational flashcard illustration, warm cinematic stylized 3D CGI, soft lighting, clean composition, memorable mental-image scene, no text, no letters, no watermark. Target Chinese vocabulary: 污染 (wūrǎn) meaning in Arabic: تلوث. Visual concept: نهر ملوث ومصانع ودخان؛ تلوث واضح.",pending_generation_or_review
M9-FC-21,mock9.html,21,flashcard,功夫,gōngfū,كونغ فو,no,,JS flashcard color card / no real image,m9-fc-21-功夫.webp,مقاتل كونغ فو في ساحة صينية تقليدية.,"Square 1024x1024 high-quality educational flashcard illustration, warm cinematic stylized 3D CGI, soft lighting, clean composition, memorable mental-image scene, no text, no letters, no watermark. Target Chinese vocabulary: 功夫 (gōngfū) meaning in Arabic: كونغ فو. Visual concept: مقاتل كونغ فو في ساحة صينية تقليدية.",pending_generation_or_review
M9-FC-22,mock9.html,22,flashcard,地址,dìzhǐ,عنوان,no,,JS flashcard color card / no real image,m9-fc-22-地址.webp,رسالة تصل إلى صندوق بريد عند عنوان منزل واضح.,"Square 1024x1024 high-quality educational flashcard illustration, warm cinematic stylized 3D CGI, soft lighting, clean composition, memorable mental-image scene, no text, no letters, no watermark. Target Chinese vocabulary: 地址 (dìzhǐ) meaning in Arabic: عنوان. Visual concept: رسالة تصل إلى صندوق بريد عند عنوان منزل واضح.",pending_generation_or_review
M9-FC-23,mock9.html,23,flashcard,环境,huánjìng,بيئة,no,,JS flashcard color card / no real image,m9-fc-23-环境.webp,منظر طبيعي نظيف ومشرق مع حيوانات ونهر.,"Square 1024x1024 high-quality educational flashcard illustration, warm cinematic stylized 3D CGI, soft lighting, clean composition, memorable mental-image scene, no text, no letters, no watermark. Target Chinese vocabulary: 环境 (huánjìng) meaning in Arabic: بيئة. Visual concept: منظر طبيعي نظيف ومشرق مع حيوانات ونهر.",pending_generation_or_review
M9-FC-24,mock9.html,24,flashcard,愉快,yúkuài,سعيد,no,,JS flashcard color card / no real image,m9-fc-24-愉快.webp,أصدقاء يضحكون في نزهة مشمسة.,"Square 1024x1024 high-quality educational flashcard illustration, warm cinematic stylized 3D CGI, soft lighting, clean composition, memorable mental-image scene, no text, no letters, no watermark. Target Chinese vocabulary: 愉快 (yúkuài) meaning in Arabic: سعيد. Visual concept: أصدقاء يضحكون في نزهة مشمسة.",pending_generation_or_review
M9-FC-25,mock9.html,25,flashcard,压力,yālì,ضغط,yes,M6-FC-54 | M9-FC-25,JS flashcard color card / no real image,m9-fc-25-压力.webp,طالب تحت صخرة رمزية فوق رأسه بين أوراق كثيرة؛ ضغط نفسي.,"Square 1024x1024 high-quality educational flashcard illustration, warm cinematic stylized 3D CGI, soft lighting, clean composition, memorable mental-image scene, no text, no letters, no watermark. Target Chinese vocabulary: 压力 (yālì) meaning in Arabic: ضغط. Visual concept: طالب تحت صخرة رمزية فوق رأسه بين أوراق كثيرة؛ ضغط نفسي.",pending_generation_or_review
M9-FC-26,mock9.html,26,flashcard,幽默,yōumò,فكاهي,no,,JS flashcard color card / no real image,m9-fc-26-幽默.webp,شخص يروي نكتة أمام أصدقاء يضحكون.,"Square 1024x1024 high-quality educational flashcard illustration, warm cinematic stylized 3D CGI, soft lighting, clean composition, memorable mental-image scene, no text, no letters, no watermark. Target Chinese vocabulary: 幽默 (yōumò) meaning in Arabic: فكاهي. Visual concept: شخص يروي نكتة أمام أصدقاء يضحكون.",pending_generation_or_review
M9-FC-27,mock9.html,27,flashcard,紧张,jǐnzhāng,متوتر,no,,JS flashcard color card / no real image,m9-fc-27-紧张.webp,طالب متوتر أمام الجمهور أو الاختبار مع قطرات عرق.,"Square 1024x1024 high-quality educational flashcard illustration, warm cinematic stylized 3D CGI, soft lighting, clean composition, memorable mental-image scene, no text, no letters, no watermark. Target Chinese vocabulary: 紧张 (jǐnzhāng) meaning in Arabic: متوتر. Visual concept: طالب متوتر أمام الجمهور أو الاختبار مع قطرات عرق.",pending_generation_or_review
M9-FC-28,mock9.html,28,flashcard,免费,miǎnfèi,مجاناً,no,,JS flashcard color card / no real image,m9-fc-28-免费.webp,لافتة دخول مجاني أو تذكرة مجانية بيد شخص سعيد.,"Square 1024x1024 high-quality educational flashcard illustration, warm cinematic stylized 3D CGI, soft lighting, clean composition, memorable mental-image scene, no text, no letters, no watermark. Target Chinese vocabulary: 免费 (miǎnfèi) meaning in Arabic: مجاناً. Visual concept: لافتة دخول مجاني أو تذكرة مجانية بيد شخص سعيد.",pending_generation_or_review
M9-FC-29,mock9.html,29,flashcard,乒乓球,pīngpāngqiú,كرة طاولة,no,,JS flashcard color card / no real image,m9-fc-29-乒乓球.webp,مباراة تنس طاولة حماسية والكرة في الهواء.,"Square 1024x1024 high-quality educational flashcard illustration, warm cinematic stylized 3D CGI, soft lighting, clean composition, memorable mental-image scene, no text, no letters, no watermark. Target Chinese vocabulary: 乒乓球 (pīngpāngqiú) meaning in Arabic: كرة طاولة. Visual concept: مباراة تنس طاولة حماسية والكرة في الهواء.",pending_generation_or_review
M9-FC-30,mock9.html,30,flashcard,足球,zúqiú,كرة قدم,no,,JS flashcard color card / no real image,m9-fc-30-足球.webp,تسديدة كرة قدم نحو المرمى في ملعب مضيء.,"Square 1024x1024 high-quality educational flashcard illustration, warm cinematic stylized 3D CGI, soft lighting, clean composition, memorable mental-image scene, no text, no letters, no watermark. Target Chinese vocabulary: 足球 (zúqiú) meaning in Arabic: كرة قدم. Visual concept: تسديدة كرة قدم نحو المرمى في ملعب مضيء.",pending_generation_or_review
M9-FC-31,mock9.html,31,flashcard,公共汽车,gōnggòng qìchē,حافلة عامة,no,,JS flashcard color card / no real image,m9-fc-31-公共汽车.webp,حافلة عامة في محطة مع ركاب يصعدون.,"Square 1024x1024 high-quality educational flashcard illustration, warm cinematic stylized 3D CGI, soft lighting, clean composition, memorable mental-image scene, no text, no letters, no watermark. Target Chinese vocabulary: 公共汽车 (gōnggòng qìchē) meaning in Arabic: حافلة عامة. Visual concept: حافلة عامة في محطة مع ركاب يصعدون.",pending_generation_or_review
M9-FC-32,mock9.html,32,flashcard,搬家,bānjiā,ينقل البيت,no,,JS flashcard color card / no real image,m9-fc-32-搬家.webp,عائلة تنقل صناديق وأثاث إلى بيت جديد.,"Square 1024x1024 high-quality educational flashcard illustration, warm cinematic stylized 3D CGI, soft lighting, clean composition, memorable mental-image scene, no text, no letters, no watermark. Target Chinese vocabulary: 搬家 (bānjiā) meaning in Arabic: ينقل البيت. Visual concept: عائلة تنقل صناديق وأثاث إلى بيت جديد.",pending_generation_or_review
M9-FC-33,mock9.html,33,flashcard,礼拜天,lǐbàitiān,الأحد,no,,JS flashcard color card / no real image,m9-fc-33-礼拜天.webp,أحد هادئ في الحديقة أو تقويم يوم الأحد مشرق.,"Square 1024x1024 high-quality educational flashcard illustration, warm cinematic stylized 3D CGI, soft lighting, clean composition, memorable mental-image scene, no text, no letters, no watermark. Target Chinese vocabulary: 礼拜天 (lǐbàitiān) meaning in Arabic: الأحد. Visual concept: أحد هادئ في الحديقة أو تقويم يوم الأحد مشرق.",pending_generation_or_review
M9-FC-34,mock9.html,34,flashcard,周日,zhōurì,الأحد,no,,JS flashcard color card / no real image,m9-fc-34-周日.webp,يوم الأحد على تقويم مع نشاط عائلي مريح.,"Square 1024x1024 high-quality educational flashcard illustration, warm cinematic stylized 3D CGI, soft lighting, clean composition, memorable mental-image scene, no text, no letters, no watermark. Target Chinese vocabulary: 周日 (zhōurì) meaning in Arabic: الأحد. Visual concept: يوم الأحد على تقويم مع نشاط عائلي مريح.",pending_generation_or_review
M9-FC-35,mock9.html,35,flashcard,邀请,yāoqǐng,يدعو,no,,JS flashcard color card / no real image,m9-fc-35-邀请.webp,بطاقة دعوة أنيقة تُقدَّم لشخص مبتسم.,"Square 1024x1024 high-quality educational flashcard illustration, warm cinematic stylized 3D CGI, soft lighting, clean composition, memorable mental-image scene, no text, no letters, no watermark. Target Chinese vocabulary: 邀请 (yāoqǐng) meaning in Arabic: يدعو. Visual concept: بطاقة دعوة أنيقة تُقدَّم لشخص مبتسم.",pending_generation_or_review
M9-FC-36,mock9.html,36,flashcard,提供,tígōng,يقدّم,no,,JS flashcard color card / no real image,m9-fc-36-提供.webp,موظف يقدم كوب/معلومة/خدمة للعميل بلطف.,"Square 1024x1024 high-quality educational flashcard illustration, warm cinematic stylized 3D CGI, soft lighting, clean composition, memorable mental-image scene, no text, no letters, no watermark. Target Chinese vocabulary: 提供 (tígōng) meaning in Arabic: يقدّم. Visual concept: موظف يقدم كوب/معلومة/خدمة للعميل بلطف.",pending_generation_or_review
M9-FC-37,mock9.html,37,flashcard,吸引,xīyǐn,يجذب,no,,JS flashcard color card / no real image,m9-fc-37-吸引.webp,مغناطيس أو عرض جذاب يجذب أنظار الناس.,"Square 1024x1024 high-quality educational flashcard illustration, warm cinematic stylized 3D CGI, soft lighting, clean composition, memorable mental-image scene, no text, no letters, no watermark. Target Chinese vocabulary: 吸引 (xīyǐn) meaning in Arabic: يجذب. Visual concept: مغناطيس أو عرض جذاب يجذب أنظار الناس.",pending_generation_or_review
M9-FC-38,mock9.html,38,flashcard,应聘,yìngpìn,يتقدم لوظيفة,no,,JS flashcard color card / no real image,m9-fc-38-应聘.webp,مرشح وظيفة يدخل مقابلة بثقة.,"Square 1024x1024 high-quality educational flashcard illustration, warm cinematic stylized 3D CGI, soft lighting, clean composition, memorable mental-image scene, no text, no letters, no watermark. Target Chinese vocabulary: 应聘 (yìngpìn) meaning in Arabic: يتقدم لوظيفة. Visual concept: مرشح وظيفة يدخل مقابلة بثقة.",pending_generation_or_review
M9-FC-39,mock9.html,39,flashcard,服务区,fúwùqū,محطة خدمات,no,,JS flashcard color card / no real image,m9-fc-39-服务区.webp,استراحة طريق/محطة خدمات مع مطعم ووقود.,"Square 1024x1024 high-quality educational flashcard illustration, warm cinematic stylized 3D CGI, soft lighting, clean composition, memorable mental-image scene, no text, no letters, no watermark. Target Chinese vocabulary: 服务区 (fúwùqū) meaning in Arabic: محطة خدمات. Visual concept: استراحة طريق/محطة خدمات مع مطعم ووقود.",pending_generation_or_review
M9-FC-40,mock9.html,40,flashcard,马虎,mǎhu,مهمل,no,,JS flashcard color card / no real image,m9-fc-40-马虎.webp,شخص مهمل يوقع أخطاء في ورقة بسبب استعجال.,"Square 1024x1024 high-quality educational flashcard illustration, warm cinematic stylized 3D CGI, soft lighting, clean composition, memorable mental-image scene, no text, no letters, no watermark. Target Chinese vocabulary: 马虎 (mǎhu) meaning in Arabic: مهمل. Visual concept: شخص مهمل يوقع أخطاء في ورقة بسبب استعجال.",pending_generation_or_review
M9-FC-41,mock9.html,41,flashcard,仔细,zǐxì,دقيق,no,,JS flashcard color card / no real image,m9-fc-41-仔细.webp,شخص يفحص شيئاً بعدسة مكبرة بدقة.,"Square 1024x1024 high-quality educational flashcard illustration, warm cinematic stylized 3D CGI, soft lighting, clean composition, memorable mental-image scene, no text, no letters, no watermark. Target Chinese vocabulary: 仔细 (zǐxì) meaning in Arabic: دقيق. Visual concept: شخص يفحص شيئاً بعدسة مكبرة بدقة.",pending_generation_or_review
M9-FC-42,mock9.html,42,flashcard,错误,cuòwù,خطأ,no,,JS flashcard color card / no real image,m9-fc-42-错误.webp,ورقة عليها علامة خطأ حمراء وتصحيح واضح.,"Square 1024x1024 high-quality educational flashcard illustration, warm cinematic stylized 3D CGI, soft lighting, clean composition, memorable mental-image scene, no text, no letters, no watermark. Target Chinese vocabulary: 错误 (cuòwù) meaning in Arabic: خطأ. Visual concept: ورقة عليها علامة خطأ حمراء وتصحيح واضح.",pending_generation_or_review
M9-FC-43,mock9.html,43,flashcard,酸,suān,حامض,no,,JS flashcard color card / no real image,m9-fc-43-酸.webp,طفل يتذوق ليموناً حامضاً ويعصر وجهه.,"Square 1024x1024 high-quality educational flashcard illustration, warm cinematic stylized 3D CGI, soft lighting, clean composition, memorable mental-image scene, no text, no letters, no watermark. Target Chinese vocabulary: 酸 (suān) meaning in Arabic: حامض. Visual concept: طفل يتذوق ليموناً حامضاً ويعصر وجهه.",pending_generation_or_review
M9-FC-44,mock9.html,44,flashcard,甜,tián,حلو,no,,JS flashcard color card / no real image,m9-fc-44-甜.webp,حلوى أو فاكهة حلوة مع ابتسامة.,"Square 1024x1024 high-quality educational flashcard illustration, warm cinematic stylized 3D CGI, soft lighting, clean composition, memorable mental-image scene, no text, no letters, no watermark. Target Chinese vocabulary: 甜 (tián) meaning in Arabic: حلو. Visual concept: حلوى أو فاكهة حلوة مع ابتسامة.",pending_generation_or_review
M9-FC-45,mock9.html,45,flashcard,苦,kǔ,مر,yes,M6-FC-08 | M6-WR-100 | M9-FC-45,JS flashcard color card / no real image,m9-fc-45-苦.webp,شاب يتذوق قهوة مرة ويعصر وجهه؛ ربط الطعم المر بالمعاناة.,"Square 1024x1024 high-quality educational flashcard illustration, warm cinematic stylized 3D CGI, soft lighting, clean composition, memorable mental-image scene, no text, no letters, no watermark. Target Chinese vocabulary: 苦 (kǔ) meaning in Arabic: مر. Visual concept: شاب يتذوق قهوة مرة ويعصر وجهه؛ ربط الطعم المر بالمعاناة.",pending_generation_or_review
M9-FC-46,mock9.html,46,flashcard,咖啡,kāfēi,قهوة,no,,JS flashcard color card / no real image,m9-fc-46-咖啡.webp,فنجان قهوة داكنة على طاولة دافئة.,"Square 1024x1024 high-quality educational flashcard illustration, warm cinematic stylized 3D CGI, soft lighting, clean composition, memorable mental-image scene, no text, no letters, no watermark. Target Chinese vocabulary: 咖啡 (kāfēi) meaning in Arabic: قهوة. Visual concept: فنجان قهوة داكنة على طاولة دافئة.",pending_generation_or_review
M9-FC-47,mock9.html,47,flashcard,杂志,zázhì,مجلة,no,,JS flashcard color card / no real image,m9-fc-47-杂志.webp,مجلات ملونة على طاولة قراءة.,"Square 1024x1024 high-quality educational flashcard illustration, warm cinematic stylized 3D CGI, soft lighting, clean composition, memorable mental-image scene, no text, no letters, no watermark. Target Chinese vocabulary: 杂志 (zázhì) meaning in Arabic: مجلة. Visual concept: مجلات ملونة على طاولة قراءة.",pending_generation_or_review
M9-FC-48,mock9.html,48,flashcard,爷爷,yéye,جد,no,,JS flashcard color card / no real image,m9-fc-48-爷爷.webp,جد يقرأ قصة لحفيده بحنان.,"Square 1024x1024 high-quality educational flashcard illustration, warm cinematic stylized 3D CGI, soft lighting, clean composition, memorable mental-image scene, no text, no letters, no watermark. Target Chinese vocabulary: 爷爷 (yéye) meaning in Arabic: جد. Visual concept: جد يقرأ قصة لحفيده بحنان.",pending_generation_or_review
M9-FC-49,mock9.html,49,flashcard,孙子,sūnzi,حفيد,no,,JS flashcard color card / no real image,m9-fc-49-孙子.webp,حفيد يركض نحو جده بسعادة.,"Square 1024x1024 high-quality educational flashcard illustration, warm cinematic stylized 3D CGI, soft lighting, clean composition, memorable mental-image scene, no text, no letters, no watermark. Target Chinese vocabulary: 孙子 (sūnzi) meaning in Arabic: حفيد. Visual concept: حفيد يركض نحو جده بسعادة.",pending_generation_or_review
M9-FC-50,mock9.html,50,flashcard,打印,dǎyìn,يطبع,no,,JS flashcard color card / no real image,m9-fc-50-打印.webp,طابعة تخرج ورقة مطبوعة واضحة.,"Square 1024x1024 high-quality educational flashcard illustration, warm cinematic stylized 3D CGI, soft lighting, clean composition, memorable mental-image scene, no text, no letters, no watermark. Target Chinese vocabulary: 打印 (dǎyìn) meaning in Arabic: يطبع. Visual concept: طابعة تخرج ورقة مطبوعة واضحة.",pending_generation_or_review
M9-FC-51,mock9.html,51,flashcard,毕业,bìyè,يتخرج,yes,M6-FC-29 | M9-FC-51,JS flashcard color card / no real image,m9-fc-51-毕业.webp,طالب بزي تخرج يحمل شهادة في مكتبة جامعية دافئة.,"Square 1024x1024 high-quality educational flashcard illustration, warm cinematic stylized 3D CGI, soft lighting, clean composition, memorable mental-image scene, no text, no letters, no watermark. Target Chinese vocabulary: 毕业 (bìyè) meaning in Arabic: يتخرج. Visual concept: طالب بزي تخرج يحمل شهادة في مكتبة جامعية دافئة.",pending_generation_or_review
M9-FC-52,mock9.html,52,flashcard,报名,bàomíng,يسجل,no,,JS flashcard color card / no real image,m9-fc-52-报名.webp,شخص يملأ استمارة تسجيل في مكتب.,"Square 1024x1024 high-quality educational flashcard illustration, warm cinematic stylized 3D CGI, soft lighting, clean composition, memorable mental-image scene, no text, no letters, no watermark. Target Chinese vocabulary: 报名 (bàomíng) meaning in Arabic: يسجل. Visual concept: شخص يملأ استمارة تسجيل في مكتب.",pending_generation_or_review
M9-FC-53,mock9.html,53,flashcard,规定,guīdìng,قاعدة,no,,JS flashcard color card / no real image,m9-fc-53-规定.webp,لوحة قواعد وتعليمات منظمة على الجدار.,"Square 1024x1024 high-quality educational flashcard illustration, warm cinematic stylized 3D CGI, soft lighting, clean composition, memorable mental-image scene, no text, no letters, no watermark. Target Chinese vocabulary: 规定 (guīdìng) meaning in Arabic: قاعدة. Visual concept: لوحة قواعد وتعليمات منظمة على الجدار.",pending_generation_or_review
M9-FC-54,mock9.html,54,flashcard,解释,jiěshì,يفسّر,no,,JS flashcard color card / no real image,m9-fc-54-解释.webp,معلم يشرح فكرة على سبورة بمصباح فهم.,"Square 1024x1024 high-quality educational flashcard illustration, warm cinematic stylized 3D CGI, soft lighting, clean composition, memorable mental-image scene, no text, no letters, no watermark. Target Chinese vocabulary: 解释 (jiěshì) meaning in Arabic: يفسّر. Visual concept: معلم يشرح فكرة على سبورة بمصباح فهم.",pending_generation_or_review
